list_ville,list_departement,list_region
Thiviers,Dordogne,Aquitaine
Casteljaloux,Lot-et-Garonne,
Périgueux,Gironde,
Blaye,Pyrénées-Atlantiques,
Bougarber,Landes,
Sarlat-la-Canéda,,
Saint-Cyprien,,
Saint-Paul-Lizonne,,
Seignosse,,
Aubie-et-Espessas,,
Morganx,,
Carves,,
Villefranche-de-Lonchat,,
Bergerac,,
Saint-Félix-de-Bourdeilles,,
Sainte-Livrade-sur-Lot,,
Saint-Rabier,,
Le Haillan,,
Tournon-d'Agenais,,
Bordeaux,,
Bouniagues,,
Saint-Palais,,
Tursac,,
Aire-sur-l'Adour,,
Dolmayrac,,
Oloron-Sainte-Marie,,
Libourne,,
Aiguillon,,
Monségur,,
Villeneuve-sur-Lot,,
Agen,,
Pessac,,
Lesperon,,
Saint-Vite,,
Saint-Léon-sur-Vézère,,
Ribérac,,
Sauveterre-de-Béarn,,
La Force,,
Saint-Méard-de-Drône,,
Issac,,
Pau,,
Terrasson-Lavilledieu,,
Azerat,,
Saint-Antoine-Cumond,,
Duras,,
Briscous,,
Montignac,,
Thézac,,
Villetoureix,,
Bussière-Badil,,
Montagrier,,
Coux-et-Bigaroque,,
Saint-André-de-Cubzac,,
Saint-Astier,,
Lalinde,,
Douchapt,,
Fumel,,
Groléjac,,
Le Teich,,
Biarritz,,
Mouguerre,,
Cazoulès,,
Mussidan,,
Guîtres,,
Saint-Aquilin,,
Lisle,,
Beaumont-du-Périgord,,
Laroque-Timbaut,,
Gironde-sur-Dropt,,
Marcheprime,,
Sauveterre-la-Lémance,,
Le Passage,,
Bazas,,
Langon,,
Layrac,,
Biscarrosse,,
Berson,,
Salles,,
Marsac-sur-l'Isle,,
Montussan,,
Saint-Hilaire-de-Lusignan,,
Beautiran,,
Arcachon,,
Monsempron-Libos,,
Savignac-sur-Leyze,,
Portets,,
Blasimon,,
Mourenx,,
La Teste-de-Buch,,
Saint-Martin-de-Seignanx,,
Saint-Jean-de-Luz,,
Bayonne,,
Sainte-Eulalie,,
Saint-Sulpice-de-Roumagnac,,
Auros,,
La Réole,,
Monflanquin,,
Trélissac,,
Carbon-Blanc,,
Sainte-Foy-la-Grande,,
Montayral,,
Laruscade,,
Quinsac,,
Pujols,,
Cherval,,
Anglet,,
Vanxains,,
Léogeats,,
Villenave-d'Ornon,,
Castillonnès,,
Saint-Michel-de-Rivière,,
Lagor,,
Biganos,,
Belvès,,
Hagetmau,,
Salies-de-Béarn,,
Puymirol,,
Saint-Géraud-de-Corps,,
Boulazac,,
Navarrenx,,
Capbreton,,
Fanlac,,
Gujan-Mestras,,
Castelnau-de-Médoc,,
Saint-Pardoux-et-Vielvic,,
Arthez-de-Béarn,,
Lanton,,
La Bastide-Clairence,,
Lège-Cap-Ferret,,
Cause-de-Clérans,,
Bonnetan,,
Bourrou,,
Arcangues,,
La Brède,,
Orthez,,
Martignas-sur-Jalle,,
Pomps,,
Auriac-du-Périgord,,
Croignon,,
Cagnotte,,
Brantôme,,
Lesparre-Médoc,,
Fargues-Saint-Hilaire,,
Habas,,
Cenon,,
Montpon-Ménestérol,,
Roquefort,,
Pineuilh,,
Tresses,,
Bias,,
Gaillan-en-Médoc,,
Saint-Laurent-Médoc,,
Bidart,,
Eysines,,
Calès,,
Ascain,,
Le Bouscat,,
Saint-Cernin-de-l'Herm,,
Soorts-Hossegor,,
La Sauvetat-sur-Lède,,
Sainte-Colombe-de-Villeneuve,,
Saint-Laurent-des-Combes,,
Saint-Yzan-de-Soudiac,,
Casseneuil,,
Sourzac,,
Saint-Emilion,,
Saint-Pardon-de-Conques,,
Vézac,,
Créon,,
Marmande,,
Saint-Loubès,,
Miramont-de-Guyenne,,
Eymet,,
Bon-Encontre,,
Cavignac,,
Bègles,,
Sanguinet,,
Coulaures,,
Salleboeuf,,
Moulon,,
Blanquefort,,
Peyre,,
Captieux,,
Sainte-Croix,,
Saint-Yaguen,,
Belin-Béliet,,
Cours-de-Pile,,
Ajat,,
La Sauvetat-du-Dropt,,
Lasseube,,
Saint-Médard-d'Excideuil,,
Nantheuil,,
La Coquille,,
Thénac,,
Coursac,,
Limeuil,,
Jayac,,
Creysse,,
Lunas,,
Thenon,,
Pont-du-Casse,,
Queyssac,,
Bosset,,
Lucbardez-et-Bargues,,
Puyrenier,,
Talence,,
Buzy,,
Gardonne,,
Gavaudun,,
Issigeac,,
Coubjours,,
Lauzun,,
Villefranche-du-Périgord,,
Ginestet,,
Macau,,
Le Bugue,,
Capdrot,,
Escoire,,
Abzac,,
Lescar,,
Tocane-Saint-Apre,,
Saint-Martin-des-Combes,,
Cancon,,
Port-Sainte-Foy-et-Ponchapt,,
Lys,,
Saint-Crépin-et-Carlucet,,
Vignes,,
Moncrabeau,,
Orliaguet,,
Montcaret,,
Saint-Paul-lès-Dax,,
Mios,,
Saint-Hilaire-d'Estissac,,
Sainte-Eulalie-d'Ans,,
Gageac-et-Rouillac,,
Le Taillan-Médoc,,
Beynac-et-Cazenac,,
Saint-Front-de-Pradoux,,
Cénac-et-Saint-Julien,,
Monpazier,,
Mescoules,,
Bégadan,,
Tonneins,,
Castelmoron-sur-Lot,,
Carsac-Aillac,,
Saint-Cybranet,,
Astaffort,,
Labretonie,,
Saint-Julien-de-Lampon,,
Négrondes,,
Grateloup-Saint-Gayrand,,
Prayssas,,
Laugnac,,
Aressy,,
Berrogain-Laruns,,
Lafitte-sur-Lot,,
Brugnac,,
Tombeboeuf,,
Tourtrès,,
Le Buisson-de-Cadouin,,
Port-Sainte-Marie,,
Nontron,,
Monclar,,
Saint-Louis-en-l'Isle,,
Hautefort,,
Excideuil,,
Celles,,
Saint-Etienne-de-Fougères,,
Molières,,
Camiran,,
Champcevinel,,
Saint-Barthélemy-de-Bellegarde,,
Saint-Félix-de-Reillac-et-Mortemart,,
Branne,,
Saint-Laurent-des-Vignes,,
Saint-Jean-de-Thurac,,
Sorges,,
Dondas,,
Lédat,,
Mensignac,,
Soustons,,
Saint-Jean-de-Duras,,
Eynesse,,
Bassussarry,,
Siorac-en-Périgord,,
Arès,,
Autevielle-Saint-Martin-Bideren,,
Andernos-les-Bains,,
Galapian,,
Arudy,,
Mareuil,,
Montauriol,,
Le Barp,,
Grand-Brassac,,
Allemans-du-Dropt,,
Parentis-en-Born,,
Vitrac,,
Penne-d'Agenais,,
Léognan,,
Saint-Vincent-de-Tyrosse,,
Saint-Julien-en-Born,,
Daglan,,
Asasp-Arros,,
Saint-Louis-de-Montferrand,,
Bassens,,
Peyrehorade,,
Angresse,,
Urrugne,,
Montastruc,,
Saint-Pierre-sur-Dropt,,
Saint-Seurin-sur-l'Isle,,
Cauzac,,
Goès,,
Gan,,
Neuvic,,
Monbazillac,,
Léguillac-de-Cercles,,
Teyjat,,
Naussannes,,
Mimizan,,
Mérignac,,
Vaunac,,
Eugénie-les-Bains,,
Arthez-d'Armagnac,,
Cazideroque,,
Montpezat,,
Jumilhac-le-Grand,,
Coutras,,
Sarlande,,
Parempuyre,,
Margueron,,
Journiac,,
Le Temple-sur-Lot,,
Dax,,
Salignac-Eyvigues,,
Saint-Vincent-de-Paul,,
Saint-Sauveur-de-Puynormand,,
Saint-Sylvestre-sur-Lot,,
Mimbaste,,
Monestier,,
Montfort-en-Chalosse,,
Latresne,,
Hautefage-la-Tour,,
Bruges,,
Seyches,,
Lamonzie-Saint-Martin,,
Verteillac,,
Saint-Georges,,
Saint-Aulaye,,
Saint-Jean-de-Marsacq,,
Sainte-Nathalène,,
Sireuil,,
Saint-Julien-de-Crempse,,
Pouillon,,
Pomarez,,
Sainte-Alvère,,
Villeréal,,
Pressignac-Vicq,,
Castillon-la-Bataille,,
Audenge,,
Sauveterre-de-Guyenne,,
Pontenx-les-Forges,,
Nérac,,
Dausse,,
Vergt,,
Labouheyre,,
Coulx,,
Lévignac-de-Guyenne,,
Saint-Sever,,
Allas-les-Mines,,
Champniers-et-Reilhac,,
Hourtin,,
Mont-de-Marsan,,
Colayrac-Saint-Cirq,,
Douzillac,,
Château-l'Evêque,,
Chancelade,,
Saint-Jean-Pied-de-Port,,
Baneuil,,
Festalemps,,
Prignac-et-Marcamps,,
Beaugas,,
Le Fleix,,
Mialet,,
Landiras,,
Artigues-près-Bordeaux,,
Porchères,,
Saint-Saud-Lacoussière,,
Saint-Chamassy,,
Busserolles,,
Sigoulès,,
Blaignan,,
Saint-Mesmin,,
Pomport,,
Saint-Estèphe,,
Bouzic,,
Payzac,,
Bourgougnague,,
Limeyrat,,
Cabanac-et-Villagrains,,
Saint-Jory-de-Chalais,,
Francescas,,
Labenne,,
Sainte-Eulalie-en-Born,,
Lembeye,,
Savignac-de-Duras,,
Saint-Pierre-de-Frugie,,
Paulhiac,,
Allez-et-Cazeneuve,,
Tosse,,
Misson,,
Garlin,,
Besse,,
Liorac-sur-Louyre,,
Mézos,,
Saint-Eutrope-de-Born,,
Maylis,,
Douville,,
Les Lèves-et-Thoumeyragues,,
Romagne,,
Cauneille,,
Cissac-Médoc,,
Couquèques,,
Villeneuve-de-Duras,,
Saint-Avit-Sénieur,,
Nay,,
Fronsac,,
Sabres,,
Belvès-de-Castillon,,
Le Pian-Médoc,,
Fossemagne,,
Les Eyzies-de-Tayac-Sireuil,,
Ousse-Suzan,,
Piégut-Pluviers,,
Bedous,,
Savignac-de-Nontron,,
Alles-sur-Dordogne,,
Ménesplet,,
Saint-Quentin-de-Caplong,,
Saint-Aubin-de-Blaye,,
Guéthary,,
Coulounieix-Chamiers,,
Meyrals,,
Listrac-Médoc,,
Pugnac,,
Vélines,,
Marcillac-Saint-Quentin,,
Mées,,
Gabarret,,
Saint-Amand-de-Vergt,,
Ondres,,
Barcus,,
Lamontjoie,,
Frontenac,,
Saint-Pierre-du-Mont,,
Cérons,,
Gradignan,,
Saint-Crépin-de-Richemont,,
Ludon-Médoc,,
Moliets-et-Maa,,
Plazac,,
Saint-Laurent-des-Hommes,,
Saint-Martin-de-Laye,,
Arbonne,,
Saint-Aubin,,
Lacapelle-Biron,,
Landerrouat,,
Nailhac,,
Rouffignac-Saint-Cernin-de-Reilhac,,
Galgon,,
Le Lardin-Saint-Lazare,,
Gensac,,
Laperche,,
Roquebrune,,
Lit-et-Mixe,,
Gontaud-de-Nogaret,,
Fouleix,,
Bourdeilles,,
Saint-Jean-d'Illac,,
Blanquefort-sur-Briolance,,
Sauternes,,
Clairac,,
Tarnos,,
Lées-Athas,,
Bourg,,
Saint-Martin-du-Bois,,
Saint-Aubin-de-Lanquais,,
Lavardac,,
La Roque-Gageac,,
Saint-Germain-et-Mons,,
Mauzac-et-Grand-Castang,,
Périssac,,
Bayac,,
Saint-Christoly-Médoc,,
Damazan,,
Gout-Rossignol,,
Targon,,
Lacanau,,
Bourgnac,,
Agonac,,
Plassac,,
Mauzens-et-Miremont,,
Saint-André-de-Seignanx,,
Gauriac,,
Générac,,
Firbeix,,
Saint-Magne-de-Castillon,,
Hostens,,
Marsas,,
Saint-Sulpice-de-Faleyrens,,
Castels,,
Lalande-de-Pomerol,,
Guinarthe-Parenties,,
Cherveix-Cubas,,
Pardies,,
Sarliac-sur-l'Isle,,
Grézillac,,
Sencenac-Puy-de-Fourches,,
Juillac,,
Fossès-et-Baleyssac,,
Roaillan,,
Pellegrue,,
Taillecavat,,
Sainte-Bazeille,,
Serres-Morlaàs,,
Navailles-Angos,,
Saint-Médard-en-Jalles,,
Moirax,,
Hinx,,
Sarrazac,,
Saint-Pardoux-la-Rivière,,
Minzac,,
Cestas,,
Monplaisant,,
Marsalès,,
Montagnac-sur-Auvignon,,
Carlux,,
Le Pizou,,
Messanges,,
Auterrive,,
Parleboscq,,
Eyrans,,
Plaisance,,
Saugnac-et-Cambran,,
Saint-Michel-de-Double,,
Feugarolles,,
Biarrotte,,
Teuillac,,
Saint-Sauveur,,
Lolme,,
Margaux,,
Ciboure,,
Manzac-sur-Vern,,
Saint-Pé-Saint-Simon,,
Prigonrieux,,
Massels,,
Saint-Méard-de-Gurçon,,
Saint-Amand-de-Coly,,
Morlanne,,
Irissarry,,
Urt,,
Candresse,,
Agnos,,
Saumont,,
Pinel-Hauterive,,
Saint-Martial-de-Nabirat,,
Saint-Antoine-de-Breuilh,,
Puymiclan,,
Montaut,,
Saint-Genès-de-Castillon,,
Hendaye,,
Faux,,
Serres-Castet,,
Lugos,,
Gère-Bélesten,,
Saint-Magne,,
Castel-Sarrazin,,
Fougueyrolles,,
Mugron,,
Carignan-de-Bordeaux,,
Jurançon,,
Sault-de-Navailles,,
Badefols-sur-Dordogne,,
Cazalis,,
Larzac,,
Canéjan,,
Josse,,
Annesse-et-Beaulieu,,
Ogeu-les-Bains,,
Yvrac,,
Morlaàs,,
Aramits,,
Saint-Aubin-de-Médoc,,
Cézac,,
Cambo-les-Bains,,
Préchac,,
Eygurande-et-Gardedeuil,,
Capian,,
Bertric-Burée,,
Castelnaud-la-Chapelle,,
Saint-Symphorien,,
Geaune,,
Atur,,
Mouliets-et-Villemartin,,
Beaussac,,
Dieulivol,,
Riocaud,,
Saubrigues,,
Saint-Front-la-Rivière,,
Maransin,,
Lamothe-Landerron,,
Boé,,
Paunat,,
Clermont,,
Foulayronnes,,
Estillac,,
Lahontan,,
Fauillet,,
Lafox,,
Villars,,
Saint-Germain-du-Puch,,
Saint-Nexans,,
Cubjac,,
Livron,,
Uchacq-et-Parentis,,
Anthé,,
Herm,,
Mouscardès,,
Siest,,
Gornac,,
Beauregard-de-Terrasson,,
Lanouaille,,
Saint-Savin,,
Saint-Pardoux-Isaac,,
Saint-Pierre-d'Irube,,
Orist,,
Lamothe-Montravel,,
Cours,,
Vieux-Mareuil,,
Hautefaye,,
Condat-sur-Trincou,,
Nabirat,,
Etauliers,,
Champagnac-de-Belair,,
Marsaneix,,
Mauvezin-d'Armagnac,,
Gauriaguet,,
Puyoô,,
Saint-Pée-sur-Nivelle,,
Casseuil,,
Domme,,
Anglade,,
Saint-Aubin-de-Branne,,
Sendets,,
Saint-Lon-les-Mines,,
Villeneuve,,
Saint-Sulpice-de-Pommiers,,
Saint-Georges-de-Montclard,,
Pailloles,,
Ambès,,
Saint-Pierre-de-Côle,,
Sort-en-Chalosse,,
Pomerol,,
Saint-Aubin-de-Nabirat,,
Blis-et-Born,,
Varaignes,,
Pey,,
Poey-de-Lescar,,
Saint-Maurin,,
Sames,,
Bourlens,,
Condat-sur-Vézère,,
Campagnac-lès-Quercy,,
Gastes,,
Saussignac,,
Arbis,,
Sainte-Eulalie-d'Eymet,,
Herré,,
Bidache,,
Villefranque,,
Came,,
Queyrac,,
Saint-Médard-de-Mussidan,,
Labastide-d'Armagnac,,
Izon,,
Saint-Martin-de-Hinx,,
Saint-Cyr-les-Champagnes,,
Martillac,,
Nérigean,,
Montferrand-du-Périgord,,
Hasparren,,
Solférino,,
Orriule,,
Ousse,,
Couze-et-Saint-Front,,
Saint-Gervais,,
Teillots,,
Saint-Macaire,,
Savignac-de-Miremont,,
Cours-de-Monségur,,
La Douze,,
Pontonx-sur-l'Adour,,
Saint-Avit-Saint-Nazaire,,
Saint-Léon-sur-l'Isle,,
Villeneuve-de-Marsan,,
Le Puy,,
Mazères-Lezons,,
Le Bourdeix,,
Monsac,,
Lavergne,,
Billère,,
Saint-Priest-les-Fougères,,
Lesgor,,
Soumoulou,,
Pyla-sur-Mer,,
Arx,,
Saint-Raphaël,,
Argelouse,,
Saint-Geniès,,
Augignac,,
Louer,,
Saint-Vivien-de-Monségur,,
Pissos,,
Saint-Yzans-de-Médoc,,
Monfaucon,,
Saint-Seurin-de-Prats,,
Beauville,,
Saint-Cibard,,
Pompignac,,
Génissac,,
Cénac,,
Camblanes-et-Meynac,,
Lussas-et-Nontronneau,,
Langoiran,,
Saint-Laurent-d'Arce,,
Beaupouyet,,
Sainte-Maure-de-Peyriac,,
Clermont-d'Excideuil,,
Ger,,
Cubnezais,,
Lormont,,
Salaunes,,
Saint-Vivien-de-Médoc,,
Arzacq-Arraziguet,,
Sainte-Mondane,,
Saint-Quentin-de-Baron,,
Cubzac-les-Ponts,,
Marquay,,
Petit-Palais-et-Cornemps,,
Lons,,
Arveyres,,
Arjuzanx,,
Sauguis-Saint-Etienne,,
Laroin,,
Fours,,
La Croix-Blanche,,
Saint-Denis-de-Pile,,
Saint-Pierre-de-Chignac,,
Saint-Paul-en-Born,,
Saint-Germain-du-Salembre,,
Sore,,
Buros,,
Ostabat-Asme,,
Burgaronne,,
Cocumont,,
Ygos-Saint-Saturnin,,
Lacaussade,,
Campet-et-Lamolère,,
Amou,,
Castelnaud-de-Gratecambe,,
Colombier,,
Mouleydier,,
Vendays-Montalivet,,
Saint-Pastour,,
Cessac,,
La Tour-Blanche,,
Savignac-Lédrier,,
Bésingrand,,
Eglise-Neuve-d'Issac,,
Saint-Ciers-sur-Gironde,,
Argenton,,
Eyzerac,,
La Bachellerie,,
Carsac-de-Gurson,,
Les Peintures,,
Azur,,
Lembras,,
Labastide-Villefranche,,
Saint-Michel-Escalus,,
Taron-Sadirac-Viellenave,,
Les Lèches,,
Espès-Undurein,,
Eysus,,
Geüs-d'Oloron,,
Uhart-Cize,,
Trémolat,,
Mauléon-Licharre,,
Valojoulx,,
Lannes,,
Les Artigues-de-Lussac,,
Sainte-Terre,,
Mérignas,,
Meilhan-sur-Garonne,,
Sauvagnon,,
Condezaygues,,
Lugon-et-l'Ile-du-Carnay,,
Cuzorn,,
Bizanos,,
Argagnon,,
Sérignac-sur-Garonne,,
Cadouin,,
Lagorce,,
Ahetze,,
Corgnac-sur-l'Isle,,
Escource,,
Ambarès-et-Lagrave,,
Montagne,,
Les Salles-de-Castillon,,
Salagnac,,
Sainte-Colombe-en-Bruilhois,,
Budos,,
Bars,,
Eaux-Bonnes,,
Port-de-Lanne,,
Soussac,,
Reignac,,
Cars,,
Moncayolle-Larrory-Mendibieu,,
Accous,,
Sablons,,
Razac-sur-l'Isle,,
Saint-Germain-des-Prés,,
Saubusse,,
Beauronne,,
Bassillac,,
Tayrac,,
Linxe,,
La Lande-de-Fronsac,,
Saint-Sulpice-et-Cameyrac,,
Saint-Vincent-de-Connezac,,
Rion-des-Landes,,
Audrix,,
Vensac,,
Coslédaà-Lube-Boast,,
Caudecoste,,
Lanquais,,
Les Farges,,
Saint-Antoine-de-Ficalba,,
Saint-Agne,,
Saint-Paul,,
Urdos,,
Mouzens,,
La Chapelle-Aubareil,,
Lamonzie-Montastruc,,
Saint-André-de-Double,,
Beleymas,,
Pauillac,,
Neuffons,,
Hélette,,
Abidos,,
Ustaritz,,
Villamblard,,
Avensan,,
Fonroque,,
Arthez-d'Asson,,
Floirac,,
Gouts,,
Aureilhan,,
Saint-Michel-de-Montaigne,,
Laplume,,
Jau-Dignac-et-Loirac,,
Soulac-sur-Mer,,
Crouseilles,,
Saint-Justin,,
Rauzan,,
Grayan-et-l'Hôpital,,
Brach,,
Le Verdon-sur-Mer,,
Saint-Seurin-de-Cadourne,,
Lagupie,,
Urcuit,,
Baigts-de-Béarn,,
Siorac-de-Ribérac,,
La Roche-Chalais,,
Idron,,
Boussès,,
Castéra-Loubix,,
Saint-Hilaire-de-la-Noaille,,
Campsegret,,
Prats-de-Carlux,,
Loupes,,
Eyliac,,
Poyanne,,
La Cassagne,,
Saint-Pompont,,
Montazeau,,
Saint-Pierre-d'Eyraud,,
Archignac,,
Larressore,,
Saint-Capraise-de-Lalinde,,
Ordonnac,,
Bourdalat,,
Vergt-de-Biron,,
Montgaillard,,
Mazerolles,,
Sagelat,,
Préchacq-Navarrenx,,
Naujac-sur-Mer,,
Espiet,,
Saint-André-et-Appelles,,
Bonneville-et-Saint-Avit-de-Fumadières,,
Razac-de-Saussignac,,
Vertheuil,,
Saint-Jean-de-Côle,,
Rébénacq,,
Cunèges,,
Bournel,,
Ossages,,
Saint-Martin-d'Arrossa,,
Civrac-en-Médoc,,
Cendrieux,,
Cussac-Fort-Médoc,,
Dévillac,,
La Roquille,,
Caplong,,
Talais,,
Buzet-sur-Baïse,,
Saint-Front-sur-Lémance,,
Fontet,,
Oraàs,,
Naujan-et-Postiac,,
Castelnau-Chalosse,,
Ruch,,
Saint-Martial-d'Albarède,,
Lagrange,,
Os-Marsillon,,
Saint-Martin-de-Gurson,,
Saint-Léon-d'Issigeac,,
Artiguelouve,,
Labatut,,
Labastide-Cézéracq,,
Lahourcade,,
Tarsacq,,
Lay-Lamidou,,
Noguères,,
Artix,,
Gouze,,
Castétis,,
Vieux-Boucau-les-Bains,,
Sainte-Foy-de-Longas,,
Biron,,
Saint-Laurent-la-Vallée,,
Bosdarros,,
Saint-Philippe-du-Seignal,,
Saint-Caprais-de-Blaye,,
Brocas,,
Chalais,,
Loubès-Bernac,,
Saint-Christoly-de-Blaye,,
Herrère,,
Echourgnac,,
Peyrière,,
Isle-Saint-Georges,,
Montardon,,
Féas,,
Saint-Romain-de-Monpazier,,
Liposthey,,
Castets,,
Saint-Vincent-de-Cosse,,
Saint-Marcel-du-Périgord,,
Saint-Avit,,
Saint-Pantaly-d'Excideuil,,
La Gonterie-Boulouneix,,
Prats-du-Périgord,,
Châtres,,
Nadaillac,,
Javerlhac-et-la-Chapelle-Saint-Robert,,
Pezuls,,
Bergouey-Viellenave,,
Paleyrac,,
Saint-Martin-de-Fressengeas,,
Cornille,,
Sembas,,
Carcans,,
Sarbazan,,
Agnac,,
Saint-Etienne-de-Villeréal,,
Monein,,
Peyrillac-et-Millac,,
Eyvirat,,
Veyrignac,,
Saint-Laurent-de-Gosse,,
Montrem,,
Champs-Romain,,
Saint-Pierre-de-Clairac,,
Bardos,,
Urval,,
Flaujagues,,
Osserain-Rivareyte,,
Sainte-Foy-de-Belvès,,
Fleurac,,
Biras,,
Tilh,,
Lapouyade,,
Varès,,
Saint-Sulpice-d'Excideuil,,
Savignac-les-Eglises,,
Sainte-Foy-la-Longue,,
Sadillac,,
Proissans,,
Cadillac,,
Montesquieu,,
Génis,,
Moncaup,,
Beauregard-et-Bassac,,
Izeste,,
Saint-Avit-de-Soulège,,
Agmé,,
Massugas,,
Sainte-Colombe-de-Duras,,
Pessac-sur-Dordogne,,
Saint-Martial-de-Valette,,
Conchez-de-Béarn,,
Monsec,,
Loubejac,,
La Chapelle-Montmoreau,,
Moncaut,,
Verteuil-d'Agenais,,
Coly,,
Gabillou,,
Anlhiac,,
Sainte-Marthe,,
La Jemaye,,
Idaux-Mendy,,
Sainte-Marie-de-Gosse,,
Saint-Aubin-de-Cadelech,,
Bussac,,
Saint-Maurice-de-Lestapel,,
Tabanac,,
Hagetaubin,,
Caudrot,,
La Chapelle-Faucher,,
Mézin,,
Caumont,,
Marcellus,,
Les Esseintes,,
Garein,,
Saint-Félix-de-Villadeix,,
Le Mas-d'Agenais,,
Saint-Cassien,,
Cadaujac,,
Abjat-sur-Bandiat,,
Boudy-de-Beauregard,,
Trémons,,
Monbahus,,
Castelviel,,
Saint-Romain-et-Saint-Clément,,
Camarsac,,
Saint-Martin-Lacaussade,,
Badefols-d'Ans,,
Arrast-Larrebieu,,
Bouliac,,
Champeaux-et-la-Chapelle-Pommier,,
Valeyrac,,
Saint-Germain-d'Esteuil,,
Bellocq,,
Prignac-en-Médoc,,
Saugnacq-et-Muret,,
Labastide-Castel-Amouroux,,
Gamarde-les-Bains,,
Saint-Germain-de-Belvès,,
Saint-Paul-la-Roche,,
Doulezon,,
Sainte-Gemme,,
Moustey,,
Auradou,,
Paussac-et-Saint-Vivien,,
Puch-d'Agenais,,
Baigneaux,,
Braud-et-Saint-Louis,,
Campugnan,,
Saint-Vivien,,
Florimont-Gaumier,,
Mauriac,,
Bourideys,,
Beaupuy,,
Saint-Martial-d'Artenset,,
Vianne,,
Laà-Mondrans,,
Milhac-de-Nontron,,
Moulis-en-Médoc,,
Saint-Rémy,,
Saint-Ferme,,
Poudenas,,
Vérac,,
Bruch,,
Loupiac-de-la-Réole,,
Saint-Brice,,
Itxassou,,
Les Eglisottes-et-Chalaures,,
Saint-Ciers-de-Canesse,,
Mazières-Naresse,,
Sarrance,,
Arrosès,,
Laurède,,
Bidos,,
Saint-Martin-le-Pin,,
La Dornac,,
Baleyssagues,,
Astis,,
Bourdelles,,
Saint-Laurent-des-Bâtons,,
Nabas,,
Lusignac,,
Conne-de-Labarde,,
Sainte-Croix-du-Mont,,
Hastingues,,
Castelnau-sur-Gupie,,
Brouchaud,,
Montestrucq,,
Osse-en-Aspe,,
Angoisse,,
Cauvignac,,
Mazeyrolles,,
Rives,,
Saint-Julien-d'Eymet,,
Bérenx,,
La Chapelle-Gonaguet,,
Creyssac,,
Nanthiat,,
Barbaste,,
Saint-Capraise-d'Eymet,,
Blaymont,,
Saint-Robert,,
Laparade,,
Brax,,
Saint-Nicolas-de-la-Balerme,,
Sos,,
Orliac,,
Saint-Antoine-sur-l'Isle,,
Trentels,,
Lalandusse,,
Doudrac,,
Coirac,,
Cantillac,,
Bordes,,
Pontacq,,
Veyrines-de-Vergt,,
Saucède,,
Tourliac,,
Auriac-sur-Dropt,,
Ledeuix,,
Saint-Géraud,,
Pontours,,
Saint-Géry,,
Saint-Martin-de-Villeréal,,
Etsaut,,
Castagnède,,
Escos,,
Sainte-Sabine-Born,,
Laruns,,
Saint-Avit-Rivière,,
Nastringues,,
Saint-Front-d'Alemps,,
Aren,,
Rouffignac-de-Sigoulès,,
Andoins,,
Aubas,,
Manaurie,,
Vielle-Soubiran,,
Saint-Amand-de-Belvès,,
Borrèze,,
Moumour,,
Salles-de-Belvès,,
Varennes,,
Sauvagnas,,
Bernadets,,
Orin,,
